Point,X1,Y1,Z1,X2,Y2,Z2
O,200,100,0,0,200,100
P,373.2050808,100,-100,100,373.2050808,100
Q,373.2050808,100,100,-100,373.2050808,100
