Point,X,Y,Z,ax_l,ax_m,ax_n,ref_l,ref_m,ref_n,act_l,act_m,act_n
1,0,0,0,0,0,1,1,0,0,1,0,0
2,0,0,500,0,-1,0,0,0,-1,0.866025428,0,0.499999958
3,346.4102,0,700,0,-1,0,-0.866025428,0,-0.499999958,0.965925832,0,-0.258819022
4,732.7805,0,596.4724,0.9659,0,-0.2588,0,-1,0,0,-1,0
5,1022.5582,0,518.8267,0,-1,0,-0.991444858,0,-0.130526215,0.866025553,0,0.499999742
6,1109.1608,0,568.8267,0.866,0,0.5,0,-1,0,0,-1,0
